User,Message,Created_Time,Comments,Reactions,Post_URL
owen__wilsons__nose,Reddit - how are we feeling about tonight's election results?,2025-11-05 03:43:41,2690,9274,https://facebook.com/posts/1ooslpc
newsweek,Democrats set for clean sweep of victories in November elections: Poll,2025-11-03 12:41:19,841,15400,https://facebook.com/posts/1onaofk
detox02,This is why sitting out elections or saying both sides are bad doesn‚Äôt benefit us black folks,2025-10-16 20:39:01,1444,48116,https://facebook.com/posts/1o8hlop
seeebiscuit,"White House is working on executive order on elections, press secretary says",2025-11-04 21:12:53,713,4768,https://facebook.com/posts/1oojim1
Ordinary_Fish_3046,I understand how trump got elected now,2025-10-01 00:37:52,3270,28072,https://facebook.com/posts/1nuu5gc
PoliticsModeratorBot,"Discussion Thread: Nov. 4, 2025 Election Results",2025-11-04 23:03:49,8842,265,https://facebook.com/posts/1oomd32
dubyahhh,[Megathread] US Elections 2025,2025-11-04 23:46:23,7590,201,https://facebook.com/posts/1oone4d
Small_Performance368,NYC Mayoral Election Results,2025-11-05 04:31:36,2626,50056,https://facebook.com/posts/1ootjna
thrandruill,Hasan gets denied VIP seating at Zohran Mamdani election party,2025-11-05 02:13:43,2770,37630,https://facebook.com/posts/1ooqpnb
4reddityo,Obama has jokes on Election Day,2025-11-05 01:02:19,1954,68454,https://facebook.com/posts/1oop4xx
stealthlysprockets,FDNY chief Robert Tucker announces resignation day after Mamdani election,2025-11-06 00:59:46,1886,38914,https://facebook.com/posts/1opl1cz
Fatimamohammadi_,"Did Kamala really lose, or was the election rigged?",2025-10-22 10:39:28,2022,24471,https://facebook.com/posts/1od4r54
XanderAcorn,Hey republicans! Maybe don‚Äôt have a gatsby style party while millions go hungry without SNAP! Maybe then you‚Äôll win elections‚Ä¶,2025-11-05 13:59:23,1611,17513,https://facebook.com/posts/1op3lpz
Newsweek_ShaneC,Republican ousted by Democrat in shock election defeat,2025-10-08 10:52:15,1387,42136,https://facebook.com/posts/1o175wt
CorleoneBaloney,"Ain't elected yet, solved housing shortage.",2025-10-25 12:48:50,796,37909,https://facebook.com/posts/1ofqp5h
Newsweek_CarloV,Gavin Newsom sued over Proposition 50 hours after election,2025-11-05 19:35:19,883,18930,https://facebook.com/posts/1opcr7u
Ok-Garcia-5605,Trump Jokes About Canceling Elections in Wartime,2025-08-18 18:17:38,2670,35903,https://facebook.com/posts/1mttyct
biswajit388,JB Pritzker just went on Fox News and perfectly exposed how Donald Trump is trying to use federal troops to influence our elections.,2025-10-24 03:40:04,717,42644,https://facebook.com/posts/1oenlmc
PM_ME_DPRK_CANDIDS,Trump plan to end free elections in 2026 and 2028 revealed,2025-08-04 17:05:57,2951,46721,https://facebook.com/posts/1mhj7c5
seeebiscuit,to push electing Trump a third time in 2028,2025-10-24 00:14:40,915,18915,https://facebook.com/posts/1oejie4
kalbinibirak,Trump: Rigged election. *points to Erdogan* He knows about rigged elections better than anybody.,2025-09-25 20:58:54,1071,31562,https://facebook.com/posts/1nqigly
plz-let-me-in,"Rep. Elect Adelita Grijalva is sworn in, 7 weeks after election, teeing up Epstein vote",2025-11-12 18:23:23,588,31702,https://facebook.com/posts/1ovd19o
RawStoryNews,Republican worries election 'beatdown' could lead to GOP's 'extinction',2025-11-08 14:44:04,1255,8917,https://facebook.com/posts/1orr4ne
cealild,McGregor announces withdrawal from Presidential Election,2025-09-15 06:32:06,1171,30576,https://facebook.com/posts/1nhehng
Aggravating_Money992,Trump Claims You Need ID to Buy Groceries in Post-Election Meltdown | Donald Trump is not handling Tuesday‚Äôs election losses for Republicans very well.,2025-11-05 16:16:02,936,10734,https://facebook.com/posts/1op75yv
Iamjacksplasmid,"Trump says he will sign order targeting mail-in ballots, voting machines ahead of 2026 elections",2025-08-18 12:20:12,1859,22431,https://facebook.com/posts/1mtkfyd
Conscious-Quarter423,Age played a big role in the New York City mayoral election.,2025-11-07 19:09:39,865,10076,https://facebook.com/posts/1or3a9x
Technical-Tale-644,Czech election results 99% counted,2025-10-04 16:50:56,1760,9238,https://facebook.com/posts/1nxz2e3
aimless_ly,Katie Wilson elected Seattle's next mayor,2025-11-12 23:51:49,822,8945,https://facebook.com/posts/1ovlqf3
zsreport,Newsom Says Trump Is ‚ÄòRigging the Election‚Äô With Federal Poll Monitors,2025-10-25 10:16:57,639,17995,https://facebook.com/posts/1ofo11b
InsideIrene,"Zelensky Signals Readiness to Step Down After War Ends, Open to Elections During Ceasefire",2025-09-25 09:49:12,720,27532,https://facebook.com/posts/1nq2hym
Quirkie,2024 Election Results Under Scrutiny as Lawsuit Advances,2025-06-10 15:27:40,3352,51127,https://facebook.com/posts/1l81nta
NOT_MEEHAN,Trump plan to end free elections in 2026 and 2028 revealed,2025-08-05 11:38:37,1309,29464,https://facebook.com/posts/1mi6som
Kinks4Kelly,"'Cancelling Elections' Isn‚Äôt a Joke, It‚Äôs a Fucking Warning of Things To Come",2025-08-18 21:21:39,915,46027,https://facebook.com/posts/1mtyyt3
Excellent_Analysis65,Republicans brace as AOC‚Äôs rising momentum threatens to upend 2026 and 2028 elections,2025-09-30 10:35:21,1260,8833,https://facebook.com/posts/1nu9obz
schuey_08,2024 election results lawsuit advances as documents requested,2025-06-30 15:25:33,1712,34467,https://facebook.com/posts/1loaept
shubhbro998,Governors (and Governor-elects) in the US,2025-11-06 19:08:47,683,8198,https://facebook.com/posts/1oq7urj
SelectiveScribbler06,Trump plan to end free elections in 2026 and 2028 revealed,2025-08-04 19:44:43,992,25895,https://facebook.com/posts/1mhnlt3
hardenedsteel8,"White House is working on executive order on elections, press secretary says",2025-11-04 21:32:52,728,7688,https://facebook.com/posts/1oojzi3
Kiss_My_Wookiee,Pam Bondi Asked To Investigate 2024 Election Results,2025-06-18 16:39:01,1683,31165,https://facebook.com/posts/1lelu34
Im_A_Fuckin_Liar,Trump admits using rage bait to win elections,2025-03-29 15:18:50,13556,52582,https://facebook.com/posts/1jmokbm
Ecstatic-Medium-6320,James Carville Says Trump Will Rig Midterm Elections: ‚ÄòDon‚Äôt Kid Yourself‚Äô,2025-07-03 01:25:03,1067,34132,https://facebook.com/posts/1lqd19z
Mountain-Anteater45,Republican ousted by Democrat in shock election defeat,2025-10-14 22:13:39,432,24085,https://facebook.com/posts/1o6tipt
sillychillly,Democrats Lost 2 of the last 3 Elections to a child raper,2025-08-28 19:33:17,1570,7436,https://facebook.com/posts/1n2lvyx
Chmuurkaa_,Narrowest win in Polish presidential election history,2025-06-02 02:44:13,2230,18994,https://facebook.com/posts/1l17352
_May26_,Mamdani win showed Dems don't have to move to the center to win elections,2025-07-13 13:17:16,1409,13279,https://facebook.com/posts/1lyslij
Sirwired,"NC elections chair accused of drugging granddaughters' ice cream with cocaine, MDMA",2025-08-27 22:00:27,658,18359,https://facebook.com/posts/1n1ujju
Due_Camel6262,Zohran Mamdani has won the NYC mayoral election,2025-11-05 02:47:54,1265,4184,https://facebook.com/posts/1oorfuv
Infidel8,'Japanese first': Voters back Trump-inspired party to 'Make Japan Great Again' wins big in key elections,2025-07-22 03:13:25,1225,12783,https://facebook.com/posts/1m639qo
AudibleNod,Judge rules Utah‚Äôs congressional map must be redrawn for the 2026 elections,2025-08-26 11:31:33,606,17475,https://facebook.com/posts/1n0jax4
seeebiscuit,To STILL get us to believe the 2020 election was stolen,2025-10-23 08:09:51,498,9144,https://facebook.com/posts/1odxjb9
Kunphen,"Bombshell claim: Trump didn't win 2024, Election manipulated",2025-09-24 20:04:16,531,12488,https://facebook.com/posts/1npmh4b
chrisdh79,She Pushed To Overturn The Loss In The 2020 Election | Now She‚Äôll Help Oversee U.S. Election Security.,2025-09-17 13:17:17,481,16389,https://facebook.com/posts/1njcwto
speedythefirst,Trump justice department seeks 2020 election records from Georgia county,2025-10-31 21:30:48,446,8706,https://facebook.com/posts/1ol6usv
One-Pop-2885,Obama has jokes on Election Day,2025-11-05 07:22:35,369,11208,https://facebook.com/posts/1oowhaf
Horse_snot_radish,1976 United States presidential election,2025-11-08 23:30:00,509,5993,https://facebook.com/posts/1os3v51
plz-let-me-in,Virginia elects Democrat Abigail Spanberger as state‚Äôs first woman governor,2025-11-05 00:25:12,305,16380,https://facebook.com/posts/1oooaks
Sonata-Shae,An election denier will oversee the next election. This tracks.,2025-08-28 19:04:26,482,18007,https://facebook.com/posts/1n2l4vc
Jerdarnella,Do you really think America elected an insurrectionist?,2025-07-03 23:13:35,724,19662,https://facebook.com/posts/1lr3ra6
thenewrepublic,Trump Suffers Major Blow in Attempt to Overhaul U.S. Elections,2025-06-13 14:58:56,741,29458,https://facebook.com/posts/1lai3i1
Aggravating_Money992,James Carville Says Trump Will Rig Midterm Elections: ‚ÄòDon‚Äôt Kid Yourself‚Äô,2025-07-02 18:25:19,827,14484,https://facebook.com/posts/1lq3dfs
MundaneMeringue71,Already trying to rig future elections!,2025-08-07 12:49:41,697,11071,https://facebook.com/posts/1mjz74f
king_rootin_tootin,"""Equal Rights for Negroes, everywhere!"" Communist Party USA election poster, 1932.",2025-11-13 05:20:25,328,9866,https://facebook.com/posts/1ovsquy
cnn,Democrats emboldened by election results mobilize against centrists‚Äô emerging shutdown deal,2025-11-06 00:49:06,413,7026,https://facebook.com/posts/1opksoe
Sinn_Sage,How do you feel about removing the 'Electoral College' and replace it with the 'Most Votes Wins' format for national elections?,2025-03-03 18:10:24,4735,16348,https://facebook.com/posts/1j2p4xy
Caciulacdlac,Polish Presidential Elections exit poll,2025-06-01 19:00:55,1218,12236,https://facebook.com/posts/1l0wwao
jvolkman,Nov 10 Election Results,2025-11-10 23:54:37,821,3533,https://facebook.com/posts/1otu965
plz-let-me-in,Norway's left-wing bloc wins 2025 parliamentary election,2025-09-08 22:28:36,439,12971,https://facebook.com/posts/1nc1xh8
DatabaseThis9637,Trump admitting to rigging the election.,2025-07-25 20:38:04,566,15111,https://facebook.com/posts/1m9a7zq
Brian_Ghoshery,Mandating Election Lies,2025-05-03 21:11:03,790,40386,https://facebook.com/posts/1ke3a81
Subject-Property-343,Zohran Mamdani has been elected the next mayor of New York City,2025-11-05 02:25:11,303,11121,https://facebook.com/posts/1ooqygt
brokelogic,Japan elects first female prime minister,2025-10-05 13:14:49,2489,2920,https://facebook.com/posts/1nynwsc
beekay8845,How did this clown win the elections.?,2025-03-29 10:17:02,1005,44782,https://facebook.com/posts/1jmj7w2
pm_me_ur_bussy,Democrats come to terms with unexpected election results,2024-11-06 07:16:56,20915,92594,https://facebook.com/posts/1gkstlv
jvolkman,Nov 11 Election Results,2025-11-12 00:01:52,708,3525,https://facebook.com/posts/1oupxyq
NiceoneA350,The 2025 German Election Exit Poll,2025-02-23 17:00:48,2264,19987,https://facebook.com/posts/1iwepv0
FervidBug42,H.R.3040 - To prohibit the use of ranked choice voting in elections for Federal office.,2025-04-29 20:29:15,1073,16105,https://facebook.com/posts/1kay2st
DemocracyDocket,Trump Signs Order in Attempt to Vastly Reshape U.S. Elections,2025-03-25 20:04:41,1817,14263,https://facebook.com/posts/1jjsu8e
Caciulacdlac,Netherlands General Elections 2025 Exit Poll,2025-10-29 20:03:14,885,3278,https://facebook.com/posts/1ojezpl
youropinionisrubbish,Me watching the election results so far,2024-11-06 02:36:54,9010,67054,https://facebook.com/posts/1gkoa8f
NOT_MEEHAN,Anonymous said Trump stole the last election.,2025-07-01 11:24:36,598,15371,https://facebook.com/posts/1loz4at
Mission-Guidance4782,How every county voted over the last 3 elections,2024-12-03 03:07:51,5976,29532,https://facebook.com/posts/1h5dqe7
That-Big2395,"after tonight, I really think trump rigged last years election",2025-11-05 04:03:18,391,5706,https://facebook.com/posts/1ooszv8
Slate,Trump Is Rolling Out a Huge Part of Project 2025‚Äôs Proposed Attacks on Elections,2025-02-19 13:58:47,1387,27131,https://facebook.com/posts/1it63c8
Silly_Hat_2587,Debra Messy working overtime before tomorrow's election.,2025-11-03 23:05:26,792,3177,https://facebook.com/posts/1onr4fy
tylerthe-theatre,Emmanuel Macron slams Elon Musk for 'directly intervening' in elections across the globe,2025-01-06 15:45:34,1626,48888,https://facebook.com/posts/1hv1z15
Sad-Extent-4384,This POS stole the election for Donald Trump ,2024-11-11 00:58:24,8511,31073,https://facebook.com/posts/1gog02t
serious_bullet5,All 31 Moms for Liberty Candidates Lost the 2025 Election,2025-11-06 22:53:44,277,9379,https://facebook.com/posts/1oqdo87
Juniiper-Berries,Michelle Obama votes by mail in Election 2024,2024-10-24 20:52:08,4778,67806,https://facebook.com/posts/1gbd2t9
Hajicardoso,Trump's Election Fight...,2025-01-07 18:58:13,1226,98695,https://facebook.com/posts/1hvywuo
Cha-San,"Texas State University, one day after the election",2024-11-07 12:43:28,3636,45789,https://facebook.com/posts/1glpjof
mogulseeker,Don‚Äôt Bail Out the Farmers: Elections have consequences.,2025-06-02 14:43:21,640,14230,https://facebook.com/posts/1l1jtzg
ExactlySorta,"to be the only, actual elected President",2025-02-12 00:28:18,988,45780,https://facebook.com/posts/1ine2x1
GuiltyBathroom9385,Investigate the validity of this election!,2024-11-10 11:47:47,2776,39848,https://facebook.com/posts/1gnyxzi
vladgrinch,2025 Polish presidential elections 2nd round,2025-06-02 10:28:58,983,7592,https://facebook.com/posts/1l1ejsf
IrishStarUS,Donald Trump issues disturbing four-word threat after election loss,2025-11-05 10:31:39,516,3634,https://facebook.com/posts/1oozduj
HeavyVeterinarian350,This election is about more than grocery prices‚Ä¶,2024-10-24 01:33:19,4133,35115,https://facebook.com/posts/1gar60c
Previous_Month_555,U.S. elected a criminal to be president,2025-10-14 15:51:10,551,4073,https://facebook.com/posts/1o6j8t2
mmccxi,Election Deniers Went Suddenly Quiet When Trump Won,2024-11-07 23:54:08,2967,33419,https://facebook.com/posts/1gm4ypp
OkayButFoRealz,James Carville Fears Trump Will Declare Martial Law and Rig the Elections,2025-04-09 15:17:56,997,11851,https://facebook.com/posts/1jv8bej
eaglemaxie,"Zelenskyy says elections can be held after ""hot phase of war"" passes",2025-01-03 05:01:44,1593,23189,https://facebook.com/posts/1hsep2t
WombatPuncher,How would you feel about the UN being called in to monitor US elections from now on?,2025-03-25 00:29:22,1174,11500,https://facebook.com/posts/1jj6pm6
EMI326,This US election meme from 2016,2025-06-25 08:23:08,478,14596,https://facebook.com/posts/1lk04xg
reddit1user1,To not manipulate the election,2025-01-23 22:09:11,1111,28488,https://facebook.com/posts/1i8fj4u
GuiltyBathroom9385,Elections and ignorance have consequences!,2024-11-24 11:49:08,1739,38817,https://facebook.com/posts/1gyp90a
AlphaMassDeBeta,Anons discuss the NYC mayoral election,2025-11-04 15:16:15,416,4186,https://facebook.com/posts/1oo9tbd
Mynameis__--__,Cyber-Security Experts Warn Election Was Hacked,2024-11-21 04:40:32,3708,17851,https://facebook.com/posts/1gw84it
MarvelsGrantMan136,Sean Astin Elected SAG-AFTRA President,2025-09-12 23:35:52,308,11263,https://facebook.com/posts/1nfig1f
barnabisbiscus,"People are missing the most worrisome thing about Trump taking control of USPS. This means direct control of mail-in voting and severely compromises future elections. He already illegally took control of the FEC this past week, USPS is just one more tool in the toolbox to controlling elections.",2025-02-21 03:53:52,869,24632,https://facebook.com/posts/1iuhtf7
GrandpaChainz,"When elected, it's often best to actually govern.",2024-11-13 13:15:00,1808,37197,https://facebook.com/posts/1gqclr7
RynheartTheReluctant,‚ÄòStarlink' Election Conspiracy Theory Spreads Online,2024-11-10 19:28:32,3285,19358,https://facebook.com/posts/1go8nm1
Horse_snot_radish,1912 United States presidential election,2025-11-12 22:35:40,333,4686,https://facebook.com/posts/1ovjv81
PostHeraldTimes,Ted Cruz Warns Trump Tariffs Could Lead To a 'Bloodbath' For Republicans In Midterm Elections,2025-04-04 20:06:23,1135,8943,https://facebook.com/posts/1jrlb04
Suitable-Sail387,[OC] Zohran Mamdani the day before his election victory,2025-11-06 19:53:10,201,13179,https://facebook.com/posts/1oq913e
DimensionActual5722,"Democrat Sherrill wins N.J. election, defeating Ciattarelli, NBC News projects",2025-11-05 02:48:31,212,11300,https://facebook.com/posts/1oorgbz
SFChronicle,Prop 50 passes - Live election results,2025-11-05 04:20:44,383,4105,https://facebook.com/posts/1ootc9v
Mr__O__,Rigging elections was just more projection..,2025-08-01 22:46:59,419,8548,https://facebook.com/posts/1mfao3f
Lewd_Knight,Joe Biden drops out of election,2024-07-21 18:12:19,10393,46127,https://facebook.com/posts/1e8slr4
Present-Party4402,When the Mock Election Got *Too* Real,2024-12-04 15:48:49,1027,55498,https://facebook.com/posts/1h6j80s
MiniBrownie,SOURCES The Romanian Constitutional Court annulled the 1st round of the presidential elections,2024-12-06 12:58:44,2225,14145,https://facebook.com/posts/1h80s2v
TeaLoverUA,Putin claims Russia will support Harris in US elections,2024-09-05 10:24:47,5435,24992,https://facebook.com/posts/1f9j1dd
MarvelsGrantMan136,2024 Pre-Election Cold Open - SNL,2024-11-03 04:24:05,1833,24809,https://facebook.com/posts/1giezq3
Ultravioletdiamond82,More 2024 Presidential Election Vandalism,2025-02-08 00:48:01,1261,11244,https://facebook.com/posts/1ikapt1
GFV_HAUERLAND,Is this how reps 'won' the election?,2025-07-11 17:17:37,536,6930,https://facebook.com/posts/1lxco7n
Flashy-Leave-1908,"Election Day: Get In Loser, We're Electing Progressives",2025-11-04 20:39:39,378,3817,https://facebook.com/posts/1ooimxn
ave4FFBpmurTnietspE,What‚Äôs the deal with Musk knowing the election results hours before the election was called and Joe Rogan suggesting that he did?,2024-11-10 06:22:51,2356,15434,https://facebook.com/posts/1gnuerg
ansyhrrian,Live Results: California 2025 election on Proposition 50,2025-11-03 17:53:03,568,2739,https://facebook.com/posts/1onipwm
Metonemore,This POS stole the election for Donald Trump ,2024-11-11 03:05:09,3696,11449,https://facebook.com/posts/1goifgh
Kaniyawest,Chinese Govt via its Embassy in delhi is offering help to India in handling pollution. But the government is very very busy in Bihar Elections.,2025-11-05 04:05:38,294,4905,https://facebook.com/posts/1oot1kn
Miserable-Lizard,Progressives win elections!,2025-11-13 01:56:48,238,6260,https://facebook.com/posts/1ovokgf
ptrdo,"[OC] The Influence of Non-Voters in U.S. Presidential Elections, 1976-2020",2024-08-08 13:10:10,3930,31218,https://facebook.com/posts/1en5kge
Rock-n-roll-Kevin,Democrats Achieve Landslide Election Win in South Carolina,2025-06-04 13:49:26,405,15054,https://facebook.com/posts/1l36212
GalaxyKid10132,this is the 2028 election,2025-06-13 19:23:47,366,17837,https://facebook.com/posts/1laooz9
Healthy_Block3036,Vice President Kamala Harris certifies her election loss,2025-01-06 20:07:26,1677,10266,https://facebook.com/posts/1hv8ec8
mrparoxysms,I'm proud to win my election in the Zohran era!,2025-11-05 04:17:27,317,4382,https://facebook.com/posts/1oota1l
ChaskaChanhassen,Pritzker Warns Trump Will Have Military Seize Ballot Boxes So He Can 'Count the Votes Himself' in Elections,2025-10-09 07:45:28,271,7018,https://facebook.com/posts/1o1zvpm
opticflash,Trump is interfering with another sovereign nation's elections. Any conservatives wanna explain how this is ok?,2025-04-28 18:21:20,1551,4922,https://facebook.com/posts/1ka2mb7
The-marx-channel,The closet election in American history,2025-09-30 15:47:09,434,4112,https://facebook.com/posts/1nugrqh
hoosakiwi,Democrat Abigail Spanberger elected governor of Virginia,2025-11-05 03:14:39,212,8323,https://facebook.com/posts/1oos07d
curtail_thetrail,To buy an election with $82 million,2025-04-02 02:38:15,473,26671,https://facebook.com/posts/1jpe82l
D-R-AZ,"What's behind ""rigged"" 2024 election claims",2025-02-22 14:26:36,943,10420,https://facebook.com/posts/1ivjvm4
Doc_tor_Bob,We don't use the popular vote in presidential elections,2024-12-09 21:13:22,1451,13226,https://facebook.com/posts/1hakknr
otto22otto,Best Film to Watch Before Election Day?,2024-11-04 14:51:06,2465,12422,https://facebook.com/posts/1gjg269
Pomegranate_Wine,Trump is literally saying that if he‚Äôs elected this will be the last election,2024-07-27 02:45:41,2808,38579,https://facebook.com/posts/1ed61r6
Capable_Salt_SD,Gavin Newsom says he will consider White House run after 2026 elections,2025-10-26 13:22:25,558,2708,https://facebook.com/posts/1ogkhse
Snarkasm71,The Real Election Fraud,2024-09-25 14:51:22,1813,23708,https://facebook.com/posts/1fp6c98
Antique-Entrance-229,German Election Map,2025-02-15 14:05:31,1558,7115,https://facebook.com/posts/1iq215s
plz-let-me-in,Trump admits he lost the 2020 presidential election,2024-09-04 12:55:24,1574,36582,https://facebook.com/posts/1f8slm5
steve42089,Governor Pritzker's Statement on the Presidential Election Results ,2024-11-06 21:52:01,1171,22250,https://facebook.com/posts/1gla7rd
newsweek,Pro-Trump Georgia election board changes rules 45 days before election,2024-09-20 16:58:31,1662,24563,https://facebook.com/posts/1flgvs7
Quirkie,Republicans May Lose Badly In Next Week‚Äôs Elections‚ÄîThanks to Trump,2025-10-28 19:09:45,258,5476,https://facebook.com/posts/1oiieto
ansyhrrian,Vance Family Strikes Out as His MAGA Brother Loses Election,2025-11-05 02:02:05,233,5898,https://facebook.com/posts/1ooqghh
Mr__O__,Russia bot uncovered.. totally not election interference.. ,2024-07-10 10:28:40,2021,66432,https://facebook.com/posts/1dzsebk
naprea,The 2024 Presidential Election in New Jersey,2024-11-30 08:33:15,1997,9824,https://facebook.com/posts/1h38ahx
Brian_Ghoshery,Election Misconceptions Clarified,2025-03-20 19:35:28,405,54721,https://facebook.com/posts/1jfxg2h
theindependentonline,Trump demands ‚Äòno early voting‚Äô in latest threat to upcoming elections as California and New York ballots roll in,2025-10-27 20:22:47,272,5056,https://facebook.com/posts/1ohpf3t
T_Shurt,78 year-old nominee forgets election date ,2024-10-15 01:00:42,1167,28054,https://facebook.com/posts/1g3vsf6
The-marx-channel,Imagine loosing a election by only 500 votes,2025-04-24 17:57:35,470,13224,https://facebook.com/posts/1k6yscb
plz-let-me-in,Democrats Pull Off Historic Victories in Georgia Special Election,2025-11-05 02:05:39,193,8482,https://facebook.com/posts/1ooqj9u
blighted_bythelight,Vote YES on prop 50! Stop Trump's steal of the midterm elections!,2025-10-07 17:15:08,961,2145,https://facebook.com/posts/1o0kw5h
TheTelegraph,Germany elections: Next likely chancellor Friedrich Merz warns Nato could soon be dead,2025-02-24 08:15:35,842,9294,https://facebook.com/posts/1iwx5hd
deathbykoolaidman,I‚Äôm glad Trump got re-elected,2025-01-25 23:44:07,860,11688,https://facebook.com/posts/1ia0hf9
coachlife,To claim the election was stolen before the election,2024-11-05 01:39:49,934,28477,https://facebook.com/posts/1gjveoe
insta-pano,Minnesota elected official takes his mask off.,2025-09-16 09:25:27,261,7836,https://facebook.com/posts/1nicp8i
vincevega87,Kamala Harris' Chances Surge in Major Election Forecast,2024-09-28 10:54:01,1316,23521,https://facebook.com/posts/1frbpft
cak3crumbs,Georgia State Board of Elections is planning a coup if GOP don‚Äôt win in November ,2024-07-27 12:07:18,2084,29495,https://facebook.com/posts/1edeuvg
HeavyVeterinarian350,Tim Walz: Losing election ‚Äòpure hell‚Äô,2025-01-29 18:56:09,884,10347,https://facebook.com/posts/1id1gah
sandozguineapig,Scumbag Leon loves calling this the last election,2024-10-06 19:31:28,1010,30657,https://facebook.com/posts/1fxopst
Luchador-Malrico,"French elections: Left projected to win most seats, ahead of Macron's coalition and far right",2024-07-07 18:05:11,2270,29674,https://facebook.com/posts/1dxmq90
Ravekat1,UK election season underway..,2024-06-04 14:10:44,2314,47387,https://facebook.com/posts/1d7y4g4
HellYeahDamnWrite,Democrats' confidence in government shutdown strategy soars after election sweep,2025-11-06 12:36:27,239,4880,https://facebook.com/posts/1opxr06
ImpossibleDildo,New Executive Order: ‚ÄúPRESERVING AND PROTECTING THE INTEGRITY OF AMERICAN ELECTIONS‚Äù,2025-03-25 21:13:50,1240,5079,https://facebook.com/posts/1jjujdx
como365,2020 U.S. Presidential Election results,2024-11-04 14:54:18,1032,16423,https://facebook.com/posts/1gjg4w7
RodrigoBarragan,Elon stole the election. ,2024-12-02 14:36:12,1650,8391,https://facebook.com/posts/1h4wc7n
LakesideNorth,The ripple effects of the 2024 Election,2024-11-09 16:13:42,1085,14130,https://facebook.com/posts/1gndi38
AravRAndG,Donald Trump Says Zelensky 'Dictator' Without Elections,2025-02-19 16:28:07,940,7167,https://facebook.com/posts/1it9kuk
AsimpsonsPrediction,Just one day after the election ,2024-11-07 14:33:46,1209,12389,https://facebook.com/posts/1glrt5o
ArsenikShooter,House passes bill to ban noncitizens from voting in federal elections,2024-07-11 05:14:20,3058,16515,https://facebook.com/posts/1e0h1t9
Its_Sasha,The Netherlands elects it's first openly gay Prime Minister - Rob Jetten,2025-11-02 03:53:07,166,9979,https://facebook.com/posts/1om7lqx
James5000,Third party votes in this particular election,2024-10-25 04:39:27,1141,13600,https://facebook.com/posts/1gbm95x
InverseNurse,Wisconsin Election Could Derail Musk‚Äôs Reforms,2025-03-29 15:05:01,607,7917,https://facebook.com/posts/1jmo9a4
Juggernaut9993,Putin won the presidential elections ,2024-03-18 10:08:45,5567,39176,https://facebook.com/posts/1bhn5wn
LilyVonZ,Another Post Election FAFO,2024-11-14 18:29:41,1126,11430,https://facebook.com/posts/1grblvf
Actual-Dish-4328,"Did Kamala really lose, or was the election rigged?",2025-10-22 12:39:16,340,3322,https://facebook.com/posts/1od74mi
tasty_jams_5280,"Trump using 'immense federal power' to try and seize voter registration info to 'undermine' elections, states say",2025-09-17 22:15:12,207,9796,https://facebook.com/posts/1njqzof
memes-to-an-end,lol what next election,2024-07-11 19:56:38,1521,28760,https://facebook.com/posts/1e0y1x8
WhoIsJolyonWest,Russian propaganda swamps Moldova ahead of elections,2025-07-25 16:49:34,272,9807,https://facebook.com/posts/1m94cww
Carcarah1,"Pre-election for mayor in S√£o Paulo, Brazil",2025-03-27 14:43:13,411,16123,https://facebook.com/posts/1jl5j2i
newsweek,Donald Trump's Chances of Winning Election Are Declining,2024-07-17 13:57:55,3227,13478,https://facebook.com/posts/1e5iuz7
Banana-Burrito,Georgia judge rules county election officials must certify election results,2024-10-15 14:22:38,765,30350,https://facebook.com/posts/1g48we6
NeoDestiny,"Post-Mamdami Election, It's Clear we need Another Community Purge",2025-11-05 17:45:30,482,2246,https://facebook.com/posts/1op9o6n
PoliticsModeratorBot,"/r/Politics' 2024 US Elections Live Thread, Part 60",2024-11-06 00:41:41,57873,5236,https://facebook.com/posts/1gkm4g5
AudibleNod,Judge denies Bitcoin company's request to block local election in Hood County,2025-11-04 19:33:13,196,5947,https://facebook.com/posts/1oogvgk
wondercat19,These are the people that were elected to ‚Äúrepresent‚Äù the people,2025-10-23 03:06:40,214,5772,https://facebook.com/posts/1odshaa
PoliticsModeratorBot,"/r/Politics' 2024 US Elections Live Thread, Part 62",2024-11-06 03:33:33,79557,5080,https://facebook.com/posts/1gkpa96
2-gay-lions,Rwanda Presidential election results.,2024-07-15 22:16:12,1262,30269,https://facebook.com/posts/1e47yez
Memes_Jack,"Today is the day of Russian presidential ""elections"".",2024-03-15 07:58:54,3052,48561,https://facebook.com/posts/1bf8pyn
LakesideNorth,Bring on the 2024 election,2024-05-20 23:58:37,2168,26965,https://facebook.com/posts/1cwub58
Lithium321,Russian elections 2024,2024-03-15 15:28:09,3037,48724,https://facebook.com/posts/1bfgmm8
cyclinginvancouver,New record set as 2 million vote on first day of advance polls: Elections Canada,2025-04-19 21:17:03,613,6084,https://facebook.com/posts/1k36kwp
Miserable-Lizard,Werid how Elon doesn't call for Russian elections,2025-03-07 00:02:28,480,12133,https://facebook.com/posts/1j5a51z
dovrobalb,Republican wave sweeps national American election in 2024,2024-11-06 12:53:53,2814,6455,https://facebook.com/posts/1gkxt4d
BothZookeepergame612,A historian who's correctly predicted 9 out of 10 elections says Kamala Harris will win in 2024,2024-09-06 13:50:14,1425,13458,https://facebook.com/posts/1fafoie
mr09e,First MRP model of 2025 German election,2025-01-17 14:39:14,1170,6358,https://facebook.com/posts/1i3hrk0
ProudNativeTexan,We have the numbers to turn Texas blue in the November elections.,2024-08-03 16:12:03,1692,14999,https://facebook.com/posts/1ej72cg
smokingadvice,My reaction as an American seeing our Canadian and Australian friends‚Äô elections,2025-05-03 13:40:57,305,19716,https://facebook.com/posts/1kdt8l8
newsweek,"MAGA fumes over France election results: ""They cheated""",2024-07-08 13:14:11,1419,23302,https://facebook.com/posts/1dy8mnr
seeebiscuit,Trump pardons Giuliani and others from 2020 election fraud,2025-11-10 06:26:46,198,5184,https://facebook.com/posts/1ot6kmd
Wonderful-Cod5256,Suprise! Major Dem Upset Win in Alaska Special Elections ,2024-10-10 11:45:18,769,22749,https://facebook.com/posts/1g0gvgq
PlanetoftheAtheists,Caving right after those exciting election victories...,2025-11-11 04:18:59,213,4541,https://facebook.com/posts/1otzya1
Cha-San,Current election poster in Germany,2024-07-31 13:29:43,1267,20046,https://facebook.com/posts/1egn7t8
Meganiummobile,Canadian Election Rigged,2025-04-29 13:43:36,825,4323,https://facebook.com/posts/1kao9ts
Better_University727,"Preliminary voting results in 2024 russian ""elections""",2024-03-17 19:33:18,3149,32512,https://facebook.com/posts/1bh6b6j
Numerous-Trust7439,"U.S. wants Ukraine to hold elections following a ceasefire, says Trump envoy",2025-02-01 20:59:41,1259,5317,https://facebook.com/posts/1ifg8hp
MrYoshi411,Jschlatt responds to NYC election results,2025-06-25 03:14:19,226,22926,https://facebook.com/posts/1ljv1m3
Mind-Matters-Not,"No Beer Sales On Election Day, Trenton GA",2024-11-05 13:25:33,728,16623,https://facebook.com/posts/1gk6lg9
MrAllard8431,The 1912 election in a nutshell,2025-08-07 16:21:25,278,6777,https://facebook.com/posts/1mk4juz
nclobo,"NC county elections chair accused of putting cocaine, MDMA in granddaughters' ice cream",2025-08-27 22:21:18,379,3855,https://facebook.com/posts/1n1v23k
adiosfelicia2,To have a fair election,2024-10-11 18:27:22,742,21067,https://facebook.com/posts/1g1gl92
d_ytme,Pro-EU Candidate Nicu»ôor Dan Won the Romanian Presidential Elections,2025-05-18 21:05:20,274,18849,https://facebook.com/posts/1kpugiw
Christopher-Andrew,Elections? Never heard of ‚Äòem.,2025-06-28 12:54:43,292,9052,https://facebook.com/posts/1lmm5j0
T_Shurt,Conservatives Raging About America‚Äôs Economic Demise After Electing Financially Illiterate President,2025-11-20 18:56:19,185,5011,https://facebook.com/posts/1p2bnwc
Cloaked42m,"Hearing in Trump's Georgia election appeal scheduled for December, after election",2024-07-17 12:30:16,1388,17740,https://facebook.com/posts/1e5gzxl
seeebiscuit,Democrats Accuse Trump DOJ of Election Interference,2025-10-25 19:35:39,149,10871,https://facebook.com/posts/1og0i2h
Komai_Tsoru,Trump hacked election votes,2025-07-23 01:10:18,283,7456,https://facebook.com/posts/1m6vv3r
Randomlynumbered,California Gov. Newsom says President-elect Trump hasn't returned his call since the election,2024-11-24 22:00:17,1157,7901,https://facebook.com/posts/1gz2sj3
JesusLovesYouMyChild,Polish Presidential Elections late poll,2025-06-01 21:14:29,913,3285,https://facebook.com/posts/1l1041j
Murky_Chemical891,Donald Trump responds after Republicans lose several major races in tonight‚Äôs elections.,2025-11-05 03:38:04,321,2797,https://facebook.com/posts/1ooshlq
cantcoloratall91,Governor Walz supporting a the results of the elections. ,2025-01-07 20:45:27,966,6857,https://facebook.com/posts/1hw1iok
dat_9600gt_user,Poland reminds Musk that foreign interference in its elections is illegal,2025-01-07 17:30:00,583,12265,https://facebook.com/posts/1hvwrk7
zadraaa,"Joe Biden withdraws from the 1988 presidential election.
",2024-10-03 13:24:28,734,20870,https://facebook.com/posts/1fv7o6i
Affectionate_Bee6434,"Elect a clown, expect a circus",2025-02-19 17:44:41,1086,4828,https://facebook.com/posts/1itbjnm
EstonianLib,UK election exit poll,2024-07-04 21:02:00,1589,14597,https://facebook.com/posts/1dvh944
MajorPhoto2159,Katie Wilson elected Seattle‚Äôs next mayor,2025-11-13 00:00:33,705,1527,https://facebook.com/posts/1ovlxv7
Morley10,She is a problem if elected. Do something,2025-09-17 16:16:46,771,1964,https://facebook.com/posts/1njhkyo
WhenTheRainComes1029,On the 2024 Presidential election page,2025-02-08 02:01:23,971,5234,https://facebook.com/posts/1ikc7ea
Meganiummobile,This election was a mistake,2024-11-12 21:45:58,720,12043,https://facebook.com/posts/1gpwg41
StupendousMan1995,"New prosecutor chosen in Georgia 2020 election interference case against Trump, others",2025-11-14 15:34:48,144,7474,https://facebook.com/posts/1owzp29
PlayaSlayaX,"Congress certifies the presidential election, 2021 vs. 2025",2025-01-06 19:12:38,783,7193,https://facebook.com/posts/1hv71kp
TheImpossibleHunt,Reporting Danielle Smith to the Commissioner of Canada Elections,2025-03-23 22:13:30,425,8810,https://facebook.com/posts/1jibaux
scholar-mate,"Why is there almost no public outrage or protest over the genocide in Sudan, when India saw massive protests and boycotts for Gaza?",2025-10-31 01:07:30,657,4830,https://facebook.com/posts/1okhb6z
Conscious-Quarter423,Anti-ICE protesters hold a 80‚Äôs themed yoga class outside the Portland ICE facility.,2025-11-10 02:43:59,3331,48287,https://facebook.com/posts/1ot2fue
CorleoneBaloney,Forty thousand strong turned out for Portland's No Kings protest.,2025-10-19 02:43:06,2560,61700,https://facebook.com/posts/1oaelln
CantStopPoppin,Illinois: State Troopers Arrest ICE Protesters - Broadview Detention Center,2025-10-10 14:07:45,3233,32659,https://facebook.com/posts/1o31wnq
raydebapratim1,GTA 6 developers protest outside Rockstar Games office to protest against recent firings,2025-11-15 12:38:39,1354,25673,https://facebook.com/posts/1oxqoz7
ChiGuy6124,Stephen Miller Is Hiding From Protesters by Living on Military Base,2025-10-30 14:36:48,1725,31472,https://facebook.com/posts/1ok1fth
JibunNiMakenai,No Kings protests: NYC chopper shows thousands of demonstrators,2025-10-18 16:27:26,1797,48430,https://facebook.com/posts/1oa093x
vermontnative,A priest was assaulted by masked ICE agents during Friday‚Äôs protests.,2025-09-22 00:36:44,2833,80658,https://facebook.com/posts/1nn8ffx
Rock-n-roll-Kevin,‚ÄòNo Kings‚Äô protests pass in festival atmosphere as an estimated 7 million across US rally against Trump‚Äôs ‚Äòauthoritarianism‚Äô,2025-10-18 22:17:44,1566,41351,https://facebook.com/posts/1oa94cx
runawaystars14,Illinois State Police clash with peaceful protesters.,2025-10-17 16:22:47,2438,21590,https://facebook.com/posts/1o95v0b
Wild-Lingonberry-204,Protests in Oakland Yesterday [OC],2025-10-24 16:45:06,1357,33157,https://facebook.com/posts/1of2smq
JohnQPublic76,A priest was assaulted by masked ICE agents during Friday‚Äôs protests outside the Broadview ICE facility,2025-09-21 21:40:52,3139,35363,https://facebook.com/posts/1nn4j9k
Jebusonthecouch,Lemme see y'alls protest signs!,2025-10-17 21:23:56,2078,18103,https://facebook.com/posts/1o9doke
igetproteinfartsHELP,"Sandwich thrown by protester 'exploded' and left mustard stain on border agent, court hears",2025-11-05 21:07:02,1415,16333,https://facebook.com/posts/1opf8z3
rubina19,Illinois man speaks protests rights to state troopers calmly and intellectually,2025-10-12 13:22:07,1152,58903,https://facebook.com/posts/1o4oxvp
GaySpaceOtter,No Kings protest in town Dallas,2025-10-18 18:25:27,1141,32344,https://facebook.com/posts/1oa38hs
Nordic0,Millions expected across all 50 US states to march in No Kings protests against Trump,2025-10-18 16:20:56,1096,34612,https://facebook.com/posts/1oa03fx
AdSpecialist6598,GOP frames 'No Kings' protests across 50 states as 'hate America rally',2025-10-18 13:01:19,1743,15618,https://facebook.com/posts/1o9v6mm
n8saces,A different stance for protesting,2025-08-18 07:52:15,4450,40959,https://facebook.com/posts/1mtfp24
metacyan,The No Kings Day Project Must Evolve From Protest to Civil Disobedience,2025-10-24 00:45:53,1159,20807,https://facebook.com/posts/1oek56u
malikearnest,No Kings Downtown Protest From The Air,2025-10-18 17:51:48,795,69257,https://facebook.com/posts/1oa2d4v
Capable_Salt_SD,A panicked Trump asks for protesters to be removed from a DC restaurant tonight as they protested against him there,2025-09-10 03:39:15,1627,40020,https://facebook.com/posts/1nd3uy3
Immediate_Guest_2790,A cheeky biryani before returning to the protest üëå,2025-09-14 18:11:14,2154,22106,https://facebook.com/posts/1ngyf53
CantStopPoppin,Broadview: Protesters attempt to stop an arrest police pull the targeted individual away from other protesters and carry out the arrest,2025-10-17 16:52:02,1587,13420,https://facebook.com/posts/1o96mll
PALERIDE155,"[OC] Pro-Trump Counter Protesters in Lubbock, TX during No Kings Protest",2025-10-22 02:29:51,1716,11290,https://facebook.com/posts/1ocwev6
Exeltv0406,to give unlawful orders to U.S. Troops regarding peaceful protesters,2025-10-05 13:42:20,1210,23515,https://facebook.com/posts/1nyojtq
AlteredEinst,To everyone that thought the No Kings protests wouldn't matter: you were wrong,2025-10-19 02:37:16,1202,15179,https://facebook.com/posts/1oaehji
Blind-_-Tiger,There was a one-person protest (and one-person anti-protest) at a busy intersection in my hometown.,2025-10-29 19:50:58,642,41564,https://facebook.com/posts/1ojeo9t
ImCalcium,Protests break out at Rockstar Games offices accusing GTA 6 developers of ‚ÄúUnion Busting‚Äù,2025-11-06 14:33:06,872,13074,https://facebook.com/posts/1oq0hk9
OperationOk8425,Stephen Miller Is Hiding From Protesters by Living on Military Base,2025-10-30 15:57:02,768,18163,https://facebook.com/posts/1ok3j8z
Snikt37,Those darn protesters‚Ä¶,2025-11-06 10:28:24,633,22999,https://facebook.com/posts/1opvevc
marketrent,"Trump, misled by video of 2020 protests shown on Fox, threatens to send troops to Portland",2025-09-06 00:38:15,1187,36573,https://facebook.com/posts/1n9lvx7
Monovon,A tourist during an anti-tourist protest in Barcelona yesterday,2025-06-16 20:53:01,5300,109485,https://facebook.com/posts/1ld4e3s
hadoken12357,Kat Abughazaleh indicted over protests outside Chicago-area ICE facility,2025-10-29 17:32:48,936,11557,https://facebook.com/posts/1ojay8g
InevitableLogical,Assault on 80yo protester in Western NC.,2025-06-15 13:02:37,5766,78416,https://facebook.com/posts/1lbzt48
bendubberley_,Gen Z in Nepal rebuilding their communities after protests in the country.,2025-09-12 09:50:57,876,52092,https://facebook.com/posts/1neyykt
infinitealchemics,Why havent American farmers protested like European farmers?,2025-09-26 13:18:00,2288,9064,https://facebook.com/posts/1nr14mv
stillyouboudoir,LA Protest June 8,2025-06-09 23:17:53,5273,89352,https://facebook.com/posts/1l7jnbg
Danynovex,"Ongoing protest against Fico in Slovakia, 50 000 people just in Bratislava.",2025-11-17 19:38:34,466,29632,https://facebook.com/posts/1ozq0iz
4reddityo,Two U.S. Hero‚Äôs Arrested for Protesting America,2025-11-03 02:46:59,598,19851,https://facebook.com/posts/1on0k45
retiredagainstmywill,Republican Governor Orders National Guard Deployed to No Kings Protest,2025-10-16 22:10:33,850,14318,https://facebook.com/posts/1o8jvmh
Myfles,No kings protest in Huntington Beach,2025-06-15 01:00:27,4014,63297,https://facebook.com/posts/1lbnyww
Quirkie,MAGA Rages at ‚ÄòNo Kings‚Äô Protests: ‚ÄòSponsored by Communists‚Äô,2025-10-18 17:39:56,920,11744,https://facebook.com/posts/1oa227e
invis2020,Some of the best signs at the ‚ÄòNo Kings‚Äô protests across America this weekend,2025-06-15 10:31:46,2634,156774,https://facebook.com/posts/1lbx8g6
Aggravating_Money992,"Misled by video of 2020 protests shown on Fox, Trump threatens to invade Portland and 'wipe out' protesters",2025-09-06 11:49:36,1351,16065,https://facebook.com/posts/1n9xk2x
UtterlyInterest,"Jewish people protesting in Ellis Island against their deportation back in Germany, 1936.",2025-11-02 07:09:01,558,20890,https://facebook.com/posts/1omawtc
barstowsteve,No Kings Protest - Joshua Tree California,2025-10-21 12:36:52,503,56387,https://facebook.com/posts/1ocbrpg
KCousins11,Nazi Protesters in Ohio. (OC),2025-09-02 10:13:26,1518,14344,https://facebook.com/posts/1n6flua
Aggravating_Money992,'Free America' Anti-Trump Protests Expand Across Nation For 4th of July,2025-07-04 11:53:29,1940,49182,https://facebook.com/posts/1lrgvdn
deapsprite,ELGIN- WE GOT UNDERCOVER ICE IN THE PROTEST,2025-10-11 17:14:58,722,17143,https://facebook.com/posts/1o4156i
No-Distance-9401,"Las Vegas police arrest anti-Ice protesters after the police walk in a group by and the protester says ""Honor your oath, b*tch""",2025-06-15 05:23:09,3573,39901,https://facebook.com/posts/1lbsmoh
VeryStableUnicorn,LAPD beat and trample a protester in LA,2025-06-09 19:19:03,3993,43634,https://facebook.com/posts/1l7dqkr
JenariMandalor,Local Guy Assaulted Some Protesters,2025-08-14 00:07:45,2694,12341,https://facebook.com/posts/1mpl5sx
Blablaeric,La protest yesterday 6/8/25(OC),2025-06-09 21:20:57,3964,42855,https://facebook.com/posts/1l7gwb1
chi-bacon-bits,Neighbors came out for a protest,2025-10-11 23:42:57,577,28131,https://facebook.com/posts/1o4ac74
avclubbradford,No Kings protest San Diego,2025-06-15 15:35:06,2137,83063,https://facebook.com/posts/1lc35t9
Aggravating_Money992,Anti-Donald Trump Protests Planned Nationwide for July 17,2025-07-09 11:06:01,1689,41698,https://facebook.com/posts/1lvfyb2
New-Baseball7715,LB immigration protest,2025-06-11 20:34:48,3688,35739,https://facebook.com/posts/1l93fax
dropbeat,Absolute legend out protesting today 6/14/2025 [OC],2025-06-15 00:07:50,1779,271042,https://facebook.com/posts/1lbmyfn
Professional_Arm794,Jack black casually walking along the No Kings Protest.,2025-06-15 18:29:38,1952,102078,https://facebook.com/posts/1lc7d1k
RichardNixonWaterGr8,This sub whenever a protest is scheduled in AVL,2025-10-14 14:25:00,694,15407,https://facebook.com/posts/1o6gy43
c-kyi,"[OC] Protest for Palestine in Barcelona, Spain",2025-10-04 16:46:29,1501,7874,https://facebook.com/posts/1nxyyfb
ModenaR,Norwegians protest against Israel's soccer team playing World Cup qualifiers,2025-10-12 12:23:41,1349,7573,https://facebook.com/posts/1o4noy4
Dumb_Reddit_Username,Some more signs from todays protest,2025-06-14 21:16:45,1873,102338,https://facebook.com/posts/1lbjd11
AdSpecialist6598,"Robert De Niro: ‚ÄòWe cannot let up‚Äô on protests, or we risk Trump third term",2025-10-20 11:58:24,707,12339,https://facebook.com/posts/1obh3fi
Suspicious-Room9282,PROTEST: This Is Fascism,2025-10-12 14:39:53,1042,8812,https://facebook.com/posts/1o4qrs1
Murky-Site7468,"‚ÄòNo Kings‚Äô Protesters Flood Over 2,500 Cities to Defy Trump | 
Millions took to the streets to peacefully and creatively protest Trump‚Äôs ‚Äúauthoritarian power grabs.‚Äù",2025-10-19 13:14:48,561,19782,https://facebook.com/posts/1oapcwp
TeaBagMoshpit,"Trump deploys 2,000 National Guard members after Los Angeles immigration protests",2025-06-08 01:49:41,3499,32338,https://facebook.com/posts/1l60wdg
PokesTigers,"Madagascar's president has left the country after Gen Z protests, officials say",2025-10-13 16:18:52,580,20789,https://facebook.com/posts/1o5o922
IrishStarUS,"Donald Trump gives chilling insurrection warning as protests spark around US: ""We are not playing around""",2025-06-10 17:03:35,3188,31925,https://facebook.com/posts/1l8442s
Unlikely-Display4918,Thanks protesters,2025-10-08 01:41:01,1489,7130,https://facebook.com/posts/1o0xozf
TimesandSundayTimes,Trump military parade met with empty seats amid nationwide protests,2025-06-15 01:33:52,2016,52696,https://facebook.com/posts/1lbol1g
External-Noise-4832,Trump Orders in Marines in Dramatic Escalation of L.A. Protests,2025-06-09 20:44:11,3037,32152,https://facebook.com/posts/1l7fyn5
CantStopPoppin,"Illinois: Commander Ware of the Cook County Sheriff‚Äôs Police Department talked to protesters about the 6pm protest time restriction in Broadview, prior to officers moving forward to push protesters to leave the area",2025-11-02 03:06:44,1135,6198,https://facebook.com/posts/1om6sdw
Tibernite,Picture of the No Kings protest today,2025-06-14 19:49:53,1561,139999,https://facebook.com/posts/1lbhemc
ProBabywrangler,No Kings Protest,2025-10-18 20:23:46,857,9268,https://facebook.com/posts/1oa6b0v
Diedalonglongtimeago,Aerial view of the nationwide ‚ÄòNo Kings‚Äô protest in Boston.,2025-10-18 19:28:11,488,29845,https://facebook.com/posts/1oa4vv5
GoodTroubleUtah,"""FUND SNAP!"" Overpass Protest - SLC 11.8.2025 [OC]",2025-11-09 20:49:32,396,31783,https://facebook.com/posts/1osucnr
BreakfastTop6899,'Free America': Anti-Trump Protests Taking Place Nationwide on 4th of July,2025-06-30 13:22:57,1405,49586,https://facebook.com/posts/1lo7elh
Miserable-Lizard,"30,000 students in Charlotte, North Carolina skipping class to protest ICE.",2025-11-20 00:47:50,430,15815,https://facebook.com/posts/1p1pa10
bendubberley_,An Australian news reporter is shot by a rubber bullet while reporting on the LA ICE protests.,2025-06-09 02:54:04,2070,46804,https://facebook.com/posts/1l6u4ut
Reallyfuckinglame,N@zis spotted Athens Ohio at No Kings protest,2025-06-14 19:06:39,3130,22883,https://facebook.com/posts/1lbgf0d
CorleoneBaloney,"A view from above of the No Kings protests in Grant Park, Chicago.",2025-10-18 22:33:44,599,14453,https://facebook.com/posts/1oa9hc0
derek4reals1,to be an agitator at a peaceful protest,2025-06-15 13:15:22,1834,43486,https://facebook.com/posts/1lc02dt
thecoloradosun,Anonymous officer throws a woman to the ground during protest outside ICE facility in Durango,2025-10-28 19:17:57,2398,4496,https://facebook.com/posts/1oiimjs
Dry_Personality_6892,Guys Being Dudes in the middle of protest #Nepal,2025-09-12 08:09:14,635,29074,https://facebook.com/posts/1nexecd
TwoPassports,POV: Media member from the Kristi Noem press conference to a sea of protesters,2025-10-25 01:14:47,515,16191,https://facebook.com/posts/1ofetvf
Neeksthearteest,No kings Boston protest,2025-10-18 19:34:04,513,18903,https://facebook.com/posts/1oa51am
Tylerrr93,"OC - ""No Kings"" counter protest in small town Ohio",2025-06-15 23:39:12,2627,22084,https://facebook.com/posts/1lcedc9
NoseRepresentative,Joe Rogan Faces Backlash After Mocking The 'No Kings' Protest: 'Multi-Millionaire Puffing His Cigar Calling Protesters Losers',2025-10-23 19:36:18,521,15182,https://facebook.com/posts/1oecvc4
johnmory,Activist Pastor's Protest Role,2025-10-10 17:52:51,461,32797,https://facebook.com/posts/1o37yj1
Nervarious,City Hall Protest,2025-10-18 23:06:06,760,8650,https://facebook.com/posts/1oaa7ew
Haldrin26,No Kings Protest Grand Rapids MN,2025-10-18 15:57:04,442,27345,https://facebook.com/posts/1o9zi0j
Historical-Mud-9739,Anti-Trump protests sweep America for the second time in weeks,2025-04-20 11:02:00,3461,99198,https://facebook.com/posts/1k3k375
verve_24,Look who showed up at the Torrance No Kings protest,2025-06-14 20:29:34,1565,37033,https://facebook.com/posts/1lbiawh
Immorefunthanyou,Wheeling No Kings Protest,2025-06-14 17:56:55,2055,23348,https://facebook.com/posts/1lbescx
Swole-Prole,Federal agents attack un armed protesters,2025-08-03 05:48:53,2232,9732,https://facebook.com/posts/1mgbmp1
Joel_GL,Activists damage Colombus painting in protest against Colombus day,2025-10-12 21:15:55,975,7123,https://facebook.com/posts/1o510qk
chrisdh79,Trump admin plans to ‚Äòincite violence all day‚Äô at No Kings protests: Ex-GOP Rep,2025-10-18 15:15:50,449,21864,https://facebook.com/posts/1o9ygul
ChiefLeef22,"Placard during protests outside Rockstar North, UK",2025-11-09 18:23:12,412,15485,https://facebook.com/posts/1osqlrs
delicious3141,"Kat Abughazaleh, Democratic contender for Congress, indicted over Chicago ICE protests",2025-10-30 11:26:15,711,7318,https://facebook.com/posts/1ojx2by
moman13,"Protest flag tied to LA riots, seen on Facebook m",2025-06-09 17:34:01,1389,43181,https://facebook.com/posts/1l7b01g
thenewrepublic,Susan Collins Drowned Out in Boos as Protesters Disrupt Ceremony,2025-08-27 16:18:07,662,25559,https://facebook.com/posts/1n1lhr0
Strict_League7833,The protesters and residents pushing back on tourism in Barcelona,2025-06-17 11:05:55,2460,16081,https://facebook.com/posts/1ldk97o
coral26,Cole Palmer confused (and protesting?) Trump joining Chelsea celebration,2025-07-13 22:43:10,1079,24857,https://facebook.com/posts/1lz64xc
MrDillon369,Stop the fucking billionaires protest!,2025-05-23 22:15:56,1584,57656,https://facebook.com/posts/1ktw670
biswajit388,"100,000+ out for a ‚ÄúNo Kings‚Äù protest in Chicago.",2025-10-19 06:16:24,426,22902,https://facebook.com/posts/1oaibu8
Conscious-Quarter423,"ICE agents were reportedly on rooftops ‚Äúshooting rubber bullets‚Äù at peaceful protesters. The protesters were described as ‚Äújust standing there flipping them off,‚Äù indicating they were not engaging in violent behavior.",2025-10-08 06:07:15,682,9983,https://facebook.com/posts/1o12ogx
ShoppingSlight9544,No Kings Protest Ft Lauderdale Beach 6/14,2025-06-14 19:07:09,1006,134559,https://facebook.com/posts/1lbgfg3
Cove-frolickr,Carry a US Flag if you‚Äôre protesting,2025-06-08 17:37:17,1413,36710,https://facebook.com/posts/1l6hxqn
curiousstrider,Nepal Parliament set on fire during protests.,2025-09-09 09:40:01,515,39247,https://facebook.com/posts/1ncefg7
JustSpirit4617,Scenes from this evenings fucking protests in Los Angeles.,2025-06-09 03:24:57,1888,21270,https://facebook.com/posts/1l6up9a
pkd420,No Kings protest,2025-06-14 17:09:47,1166,45805,https://facebook.com/posts/1lbdp23
one_average_joe,(OC) Sacramento No Kings Protest,2025-10-22 22:07:00,354,48525,https://facebook.com/posts/1odm2a7
tigglyjigglefritz,LAPD Mounted Police Repeatedly Trample Protester,2025-06-09 03:56:39,1255,39349,https://facebook.com/posts/1l6v934
paradoxical-fantoche,Anti-Ukip protest today,2025-11-08 14:16:39,1076,4440,https://facebook.com/posts/1orqhpg
Capable_Salt_SD,DOJ indicts Democratic congressional candidate Kat Abughazaleh over ICE protests,2025-10-29 17:54:10,516,9555,https://facebook.com/posts/1ojbjh4
atheistarab2006,Protests outside a migrant hotel in Ireland after a migrant was alleged to have raped a ten year old girl,2025-10-22 01:51:10,924,5703,https://facebook.com/posts/1ocvm61
Extasio,"Over 100,000 anti-immigration protesters march in London",2025-09-13 17:12:54,1502,6203,https://facebook.com/posts/1ng2zu3
retiredagainstmywill,Republican Governor Orders National Guard Deployed to No Kings Protest,2025-10-16 22:11:07,642,8058,https://facebook.com/posts/1o8jw4p
plz-let-me-in,Anti-Trump Protesters Assemble in Every State and Cities Worldwide | Hundreds of thousands gather for the largest opposition protest since the inauguration,2025-04-05 22:05:02,2655,55336,https://facebook.com/posts/1jseyac
Healthy_Block3036,"Americans, how do you feel about Trump stopping funding for Colleges that allow ""illegal"" protests?",2025-03-04 18:33:51,13586,43006,https://facebook.com/posts/1j3hutu
oneoftheleastofthese,Compilation of some of the  footage of the no Kings protests across the US,2025-06-14 23:03:34,1003,39195,https://facebook.com/posts/1lblmzb
nbcnews,Rep. Al Green protests during President Trump's joint address to Congress before being escorted out,2025-03-05 02:27:55,3963,138657,https://facebook.com/posts/1j3sndo
rprouse,To protest,2025-09-17 11:28:29,460,27392,https://facebook.com/posts/1njaio3
GregWilson23,"Trump directs ICE to expand deportations in Democratic-run cities, undeterred by protests",2025-06-16 01:50:04,1209,22519,https://facebook.com/posts/1lcgxkt
TheLinguisticVoyager,Hands Off Anti-Trump Protest LA,2025-04-06 01:37:05,2363,53365,https://facebook.com/posts/1jsj39p
Mother_Entrance_8565,No Kings Protest üíú,2025-06-14 20:53:26,1627,15449,https://facebook.com/posts/1lbiugj
eyepatch_png,CM Punk is at the No Kings protest in Chicago,2025-06-14 23:38:31,1194,22406,https://facebook.com/posts/1lbmdd3
Yagodichjagodic,A bald eagle showed up to our protest!,2025-10-18 16:19:27,372,22022,https://facebook.com/posts/1oa024p
KCousins11,Protester's warning for soldiers.,2025-10-11 12:50:56,1813,4142,https://facebook.com/posts/1o3uu43
Frequent_Dog_9569,Riverside protest,2025-06-16 14:06:57,1757,13177,https://facebook.com/posts/1lctqa5
CantStopPoppin,Portland: Trump Supporter With a Restraining Order Threatens Protesters With a Gun Again,2025-10-31 23:39:28,499,8283,https://facebook.com/posts/1ol9nmi
Nick_9ba,Pro-Palestine protester is forcibly removed from Eurovision arena and beaten during protest,2025-05-17 23:43:13,1805,20428,https://facebook.com/posts/1kp6ki8
CrispyMiner,"[OC] Anti-Trump protest in Portsmouth, Ohio today",2025-04-05 16:24:42,2436,38473,https://facebook.com/posts/1js78mx
LKM_44122,"JD Vance protects pedophiles, protesting his Canton Oh visit",2025-07-28 13:42:07,823,16025,https://facebook.com/posts/1mbgibt
oneoftheleastofthese,Compilation of some of the anti-Trump protests today,2025-04-06 02:18:29,2460,36259,https://facebook.com/posts/1jsjtij
Relevant_Demand7593,Peaceful protests in Chicago,2025-10-12 03:17:57,618,7880,https://facebook.com/posts/1o4ekwb
stopdontpanick,LA protesters are stoning LA police cars,2025-06-09 14:07:30,1006,30128,https://facebook.com/posts/1l75qil
Blablaeric,Los Angeles Protest Day 7 6.12.25,2025-06-13 14:29:47,982,27614,https://facebook.com/posts/1lahdxf
kellyhofer,Teacher protest in Calgary,2025-10-05 22:22:46,441,14736,https://facebook.com/posts/1nz1zwi
Murky-Site7468,"As Trump melts down over L.A. protests, Americans prep for nationwide ‚ÄòNo Kings‚Äô rallies | 
Trump already can‚Äôt handle the number of protests against him. And with this weekend‚Äôs ‚ÄúNo Kings Day of Defiance,‚Äù it‚Äôs about to increase exponentially.",2025-06-11 00:14:08,931,31872,https://facebook.com/posts/1l8eqsg
Dazzling-Slide8288,Spotted outside Disney HQ today during the Kimmel protest,2025-09-18 23:30:09,398,33733,https://facebook.com/posts/1nkntlf
TheFishFromUnderTheC,Found in the restroom at the LA protest,2025-06-09 16:07:21,859,43882,https://facebook.com/posts/1l78rb9
General-Net-1472,Los Angeles peaceful protests.,2025-06-10 14:55:01,1712,12758,https://facebook.com/posts/1l80tjx
MN50501,RAPID RESPONSE PROTEST: Kristi Noem will be in Minneapolis tomorrow,2025-10-23 23:19:08,432,10727,https://facebook.com/posts/1oeibh0
ResortFew2947,Hasan witnesses a LAPD flashbang at the Los Angeles ICE protests,2025-06-09 02:00:16,2468,10336,https://facebook.com/posts/1l6t3oo
RoyalChris,Massive crowd of protesters gathered in Boston for the Hands Off! protest!,2025-04-05 15:35:51,2051,34616,https://facebook.com/posts/1js65e5
Master_Jackfruit3591,Pete Hegseth states he‚Äôs has directed active duty Marines to standby to intervene in LA protests,2025-06-08 02:31:23,1449,14720,https://facebook.com/posts/1l61no9
Restroom406,"Louisville, KY protests over the weekend.",2025-04-07 16:07:54,1557,58643,https://facebook.com/posts/1jtozc5
sumtingwong112,"Blue Lives matter protester attacks black guy, but gets knocked out üí®",2025-11-01 14:39:23,560,6344,https://facebook.com/posts/1olph13
Fan387,Nepal‚Äôs Youth Protesters Elect Interim Prime Minister via Discord,2025-09-12 18:32:40,424,26284,https://facebook.com/posts/1nfazf6
kootles10,June 14 protests,2025-06-12 20:46:27,807,40296,https://facebook.com/posts/1l9xg33
AlexandrTheTolerable,Maga is painting Saturday‚Äôs protests as violent treason. Prove them wrong,2025-10-17 16:17:41,520,8114,https://facebook.com/posts/1o95q62
OkayButFoRealz,‚ÄòWe the People Will Rule!‚Äô: Millions Turn Out for ‚ÄòNo Kings‚Äô Protests Against Trump Tyranny,2025-10-18 20:28:38,376,15110,https://facebook.com/posts/1oa6ffh
Blackagar_Boltagon94,Gen Z members at gun reform protest,2025-02-06 14:07:26,4839,65204,https://facebook.com/posts/1ij3byo
starlight_collector,"Anti Trump protests around the world. America, the world is watching.",2025-01-24 20:31:25,7093,77341,https://facebook.com/posts/1i9571e
Saltier-than_the-sea,My protest sign today [OC],2025-10-18 21:51:31,312,31024,https://facebook.com/posts/1oa8i0s
chitthappens-,This Trump protest sign hits the nail on the head.,2025-10-30 12:58:21,374,11790,https://facebook.com/posts/1ojyzym
Khazzick,Peaceful protests in L.A.,2025-06-12 18:40:09,852,29048,https://facebook.com/posts/1l9u9w2
Two_Inches_Of_Fun,Protester shows their support for Ukraine.,2025-03-03 21:28:03,1891,166103,https://facebook.com/posts/1j2tyzs
Orion_23,Trump administration to reinstall Confederate statue toppled in Black Lives Matter protests | US news,2025-08-06 00:40:54,810,11210,https://facebook.com/posts/1miqj3q
PrismPhoneService,Shouting ‚Äúdeport them all‚Äù at an ICE protest,2025-06-14 01:52:03,1244,14066,https://facebook.com/posts/1lax5qv
BeefsteakChuckies,An exceedingly polite UK protester,2025-07-01 02:30:15,580,98994,https://facebook.com/posts/1loqe3n
alwaysshredready,Thousands protest in Nashville,2025-04-19 19:28:28,1481,30740,https://facebook.com/posts/1k348jr
Gloomy_Pay6773,Anti Trump Protest in La Jolla,2025-09-01 18:34:45,674,9697,https://facebook.com/posts/1n5wsuh
GlooomySundays,Understanding the No King Protests,2025-10-15 11:49:19,321,26232,https://facebook.com/posts/1o78sx5
Jerdarnella,Thousands gather in Washington to protest Trump inauguration,2025-01-18 18:06:02,6193,80969,https://facebook.com/posts/1i4delg
Healthy_Block3036,The Hands Off Protests Do Matter And It Happened In All 50 States Blue and Red!!!,2025-04-06 17:16:50,1593,37082,https://facebook.com/posts/1jsz6my
thadrobeck,"People kept calling my protest sign a ""deep cut""",2025-06-15 18:40:54,695,49761,https://facebook.com/posts/1lc7n01
Icahya,Outside of a white house protest (OC).,2025-03-24 03:40:04,2768,23790,https://facebook.com/posts/1jihutg
TheMirrorUS,BREAKING: Trump administration freezes $2.2 billion in Harvard grants after it defies campus protests demands,2025-04-15 00:40:07,1396,36595,https://facebook.com/posts/1jzeqxg
bbarlag,"Over 15,000 people protesting Fascism and Racism in Amsterdam today!",2025-03-22 23:09:45,1494,74669,https://facebook.com/posts/1jhlbs7
Aggravating_Money992,Gavin Newsom Accuses Trump Administration of Spreading Fake Protest Images,2025-06-14 14:00:33,679,56085,https://facebook.com/posts/1lb9dso
pattismithology,"Protestors Push Jeff Bezos Dummy, Clutching an Amazon Box and Fistfuls of Cash, Into Venice Canal amid Wedding Protests",2025-06-26 15:41:43,640,40908,https://facebook.com/posts/1ll3ed3
Rhubarb919,Pictures from both protests in London from Saturday,2025-09-14 15:50:44,938,5863,https://facebook.com/posts/1ngurgc
JustAskingTA,Protester on 101 Freeway in Los Angeles today,2025-06-09 04:51:17,932,20413,https://facebook.com/posts/1l6w6c9
JonnyF1ves,Portland ICE protest 9/28,2025-09-29 13:22:21,1533,4012,https://facebook.com/posts/1nthw6r
Iridescent_Glitter5,Husband of Orange County Sheriff‚Äôs Deputy was giving out Nazi salutes at ‚ÄúNo Kings Day‚Äù Protests,2025-06-17 16:57:31,646,54472,https://facebook.com/posts/1ldsgfc
bbyxmadi,the elderly going out to protest,2025-06-16 18:17:41,661,49473,https://facebook.com/posts/1ld0d7f
apple_kicks,Congressmen and protesters outside the USAID,2025-02-03 19:38:49,2620,113884,https://facebook.com/posts/1igxu13
TrustworthyBasis,BREAKING: Massive anti-Trump/Musk protests at Union Square in New York City.,2025-02-18 08:27:19,2349,65764,https://facebook.com/posts/1is81ho
fsociety_1990,"Stellan Skarsg√•rd on why he protested for Palestine ""right after"" October 7: Via Vulture",2025-10-22 16:50:29,483,7354,https://facebook.com/posts/1oddnw3
Yakylime,Newport Oregon Protester Pushed Down,2025-06-07 20:54:07,1268,12795,https://facebook.com/posts/1l5uxv4
Quirkie,Trump‚Äôs approval rating drops to 37% as ‚ÄúNo Kings‚Äù protests draw millions around the country,2025-10-20 13:51:27,426,9019,https://facebook.com/posts/1objixj
ProjectNYXmov,Gen Z at the Anti-Trump protest in LA,2025-02-07 12:17:38,4545,33362,https://facebook.com/posts/1ijtoul
DegenGamer725,Why Aren't As Many Young People Protesting?,2025-02-20 15:15:38,5932,21822,https://facebook.com/posts/1iu0sio
hobbeslives24,"Kimmel Protest, Burbank 9/18",2025-09-18 21:35:02,426,15021,https://facebook.com/posts/1nkl43p
CantStopPoppin,LAPD police officer reportedly ran over a protester who wouldn‚Äôt get out of the way during ‚ÄúNo Kings‚Äù protest in Los Angeles,2025-10-19 05:11:40,731,4936,https://facebook.com/posts/1oah9hk
Gjrts,"'Gringo go home.' Mexico City protests target Americans, gentrification",2025-07-08 08:02:21,1050,10172,https://facebook.com/posts/1luiwdv
CantStopPoppin,10.25.2025 Portland: ICE Pressing on and targeting peaceful protesters,2025-10-25 23:22:59,608,5349,https://facebook.com/posts/1og5pc8
Vanafindon,Serbian police almost runs over protesters with vans,2025-06-30 15:45:49,734,18705,https://facebook.com/posts/1loaxl6
Dega704,Me when I hear that the No Kings protests set turnout records,2025-06-16 17:34:56,851,18090,https://facebook.com/posts/1lcz6ga
BhagavaddGita,What's your opinion of the mass 'no kings' protests coming this weekend?,2025-06-11 18:22:24,3318,7003,https://facebook.com/posts/1l902v5
bulmakai,Today at the protest in Indianapolis.,2025-02-05 18:40:21,2138,103799,https://facebook.com/posts/1iih9et
LKM_44122,[OC] Protest in front of Russell Vought's Home (Heritage Foundation) after NO KINGS protest in DC,2025-10-21 01:41:02,268,40462,https://facebook.com/posts/1oc06lt
CakeDayOrDeath,Protests at Tesla dealerships in multiple US states earlier today,2025-02-15 22:27:42,2280,48352,https://facebook.com/posts/1iqd8tw
SomeYucks,A tourist during anti-tourist protest in Barcelona,2025-06-17 07:47:06,977,13302,https://facebook.com/posts/1ldh847
apple_kicks,Protests erupt over immigration raids in Los Angeles,2025-06-07 19:50:21,831,20112,https://facebook.com/posts/1l5tj1l
iBoMbY,Madagascar‚Äôs president is ousted in a military coup after weeks of youth-led protests,2025-10-14 18:38:48,327,16484,https://facebook.com/posts/1o6nuki
Humble_Candy_5752,Katy Perry shared a message in support of the protests in LA,2025-06-11 08:52:27,1051,12616,https://facebook.com/posts/1l8npqh
Exciting-Composer157,Reporter hit with rubber bullet live on camera as Los Angeles protests erupt,2025-06-09 02:20:20,794,20224,https://facebook.com/posts/1l6thsv
Justcoffeeforme,Peace Tango PDX at the ICE Protest.,2025-11-09 18:33:58,602,4413,https://facebook.com/posts/1osqvk0
maybeitsmenotabot,Why don't we see protests about the millions of children suffering in Afghanistan/Yemen/Syria?,2025-10-05 06:57:13,1663,3433,https://facebook.com/posts/1nyhbil
indig0sixalpha,Trump Threatens to Deport the ‚ÄúTerrorists‚Äù Who Protest Tesla,2025-03-21 14:52:54,2382,17280,https://facebook.com/posts/1jginmz
RoyalChris,Aerial shots from the Hands Off! protests. Millions of fucking people across all 50 states.,2025-04-07 01:42:02,1057,44764,https://facebook.com/posts/1jta1jb
jackytheblade,Global Takedown Tesla protester: London (credit: AP),2025-03-29 23:47:28,1059,62005,https://facebook.com/posts/1jmzn7k
steffxoxoxoo,ICE Protests Pop Up on Roblox as Kids Organize Virtual Demonstrations: 'FRICK ICE',2025-06-16 20:32:25,571,48910,https://facebook.com/posts/1ld3vbg
Illustrious-Smoke509,Tens of thousands rally in Dutch Gaza protest,2025-06-15 13:39:23,1525,8375,https://facebook.com/posts/1lc0kbp
Sweet-Pea-9442,Tom Hanafan Park Protest,2025-06-14 15:33:42,833,15489,https://facebook.com/posts/1lbbhb5
Economy_Elephant6200,Obama is curious where the wealthy people went who jumped on the bandwagon during the George Floyd protests.,2025-04-05 22:37:48,1064,43156,https://facebook.com/posts/1jsfmur
Jevus_himself,Amazon delivery driver crashing out during a pro Palestine protest,2025-09-25 15:28:28,1136,4144,https://facebook.com/posts/1nq9u4t
thehill,‚ÄòNo Kings‚Äô protests give anti-Trump movement its biggest moment so far,2025-10-18 13:19:38,377,9658,https://facebook.com/posts/1o9vmbr
OmicronTwelve,Protest Kaine. Make him resign. People will d*e because of his vote.,2025-11-10 15:16:29,698,3813,https://facebook.com/posts/1otgfjh
Strict_League7833,Pro-Ukraine protesters rally in Anchorage,2025-08-15 11:23:19,474,16706,https://facebook.com/posts/1mquyr3
Ok_Chain841,To peacefully protest for Palestine in Germany,2025-08-31 11:35:23,630,8005,https://facebook.com/posts/1n4sekn
Redditor_in_Space,This stray dog has been attending all the protests held in Istanbul recently,2025-03-20 19:38:44,991,124775,https://facebook.com/posts/1jfxiyj
HunterSexThompson,My bfs sign for our local Tesla protests. I drew Elbow. [OC],2025-04-09 20:20:09,1743,15161,https://facebook.com/posts/1jvfpuf
Smithy2232,Still No Kings: Millions to Protest Trump On Saturday,2025-10-13 12:02:22,392,9255,https://facebook.com/posts/1o5hryw
DIYLawCA,Protest freak out against Van Jones for making fun of dead Gaza babies,2025-11-19 13:42:50,345,7073,https://facebook.com/posts/1p180pa
MobileAerie9918,Georgian Bloke brings in a firework gun at a protest.,2025-02-20 15:25:41,1669,40815,https://facebook.com/posts/1iu10vp
YoNeighbur,[OC] Iraq Vet protests in the rain. MN capital. May 1st,2025-05-02 23:46:50,703,85487,https://facebook.com/posts/1kdfe58
ChiquitaColumbo,Serbian college students are walking 100+ miles in the largest anti-corruption protests the country has ever seen,2025-03-15 03:49:27,1095,67149,https://facebook.com/posts/1jbmimj
Agreeable_Mode_7680,"Serbia has seen massive protests for 160 days now, yet no tangible results have been achieved. Are protests even effective in causing regime changes?",2025-05-01 12:10:52,1126,17135,https://facebook.com/posts/1kc75x0
miiiiiiiii123,The largest protest in Serbian history from a drone,2025-03-17 23:10:14,996,94079,https://facebook.com/posts/1jdqpzp
mekahlo,Pro Immigrant Protests Shuts Down 101 Freeway in Downtown LA,2025-02-02 22:51:36,3907,20879,https://facebook.com/posts/1iga55p
ScootSchloingo,Microsoft blocks emails that contain ‚ÄòPalestine‚Äô after employee protests,2025-05-22 02:17:28,1125,12351,https://facebook.com/posts/1ksfphl
MrDillon369,New innovative ways of protesting. Fuck yeah!,2025-03-28 18:38:04,1337,22448,https://facebook.com/posts/1jm26p2
speedythefirst,"At the protest in Amarillo, TX",2025-10-22 20:59:22,266,21134,https://facebook.com/posts/1odkdcd
beef-supreme,Frogs against Fascism at Toronto's No Tyrants protest,2025-10-18 17:29:50,412,7451,https://facebook.com/posts/1oa1sye
RoyalChris,Aerial view captures just how many protesters were at the Hands Off! protest in New York City.,2025-04-05 22:09:45,1292,19162,https://facebook.com/posts/1jsf1vk
Droidx1,Spotted at a Protest in Seattle,2025-04-05 22:29:41,1050,26785,https://facebook.com/posts/1jsfgr7
MyFavoriteThing,"Protest poster seen in Arlington, VA",2025-10-18 14:19:03,234,55314,https://facebook.com/posts/1o9x1vt
pussu_kumar,Now this will be a big Protest,2025-11-08 09:26:13,481,4823,https://facebook.com/posts/1orl511
wankerzoo,Protest Right Now in Washington DC üá∫üá∏üíö,2025-09-02 09:46:19,723,5988,https://facebook.com/posts/1n6f62i
crustyfloorsock,ice protest on highland avenue,2025-02-01 02:57:52,2581,23048,https://facebook.com/posts/1iewso3
Silly-avocatoe,Protests break out across US over plans to change Postal Service,2025-03-24 12:20:06,1094,29427,https://facebook.com/posts/1jipaxv
steve42089,"‚ÄúRepublicans cannot know a moment of peace.‚Äù Pritzker says, calling for ‚Äúmass protests‚Äù ‚Äúmobilization‚Äù and ‚Äúdisruption.‚Äù",2025-04-28 01:44:09,1129,14949,https://facebook.com/posts/1k9k6xn
Acrobatic_Metal4056,Protest in Cherry Hill,2025-03-22 16:37:19,2093,13372,https://facebook.com/posts/1jhcjqs
OnlyMamaKnows,Pretty big turnout at DC protest today.,2025-04-05 18:57:36,880,39450,https://facebook.com/posts/1jsar6y
aresef,"Trump directs ICE to expand deportations in Democratic-run cities, undeterred by protests",2025-06-16 01:28:05,884,10659,https://facebook.com/posts/1lcgig0
HomelessRodeo,Photos of the 50501 protest,2025-02-05 21:35:58,1639,38220,https://facebook.com/posts/1iillet
tung-times9_sahur,This guy at the anti Rockstar Games protest. What a legend.,2025-11-09 17:27:59,303,8854,https://facebook.com/posts/1osp6ij
RawStoryNews,'Chilling': FBI shocks with visits to homes of innocent protesters under Trump's orders,2025-10-23 20:18:43,369,7690,https://facebook.com/posts/1oedz97
anon58588,Anti-Nazi protests : Berlin 16/12/1931,2025-02-08 20:51:44,1299,64464,https://facebook.com/posts/1ikxc1u
iambowser,"What We Do in the Shadows: S05E5 ""Local News"" Episode Discussion",2023-08-04 00:02:01,660,382,https://facebook.com/posts/15hkevc
Outside-Purpose-4625,Curious how everyone gets their local news,2025-06-11 16:54:25,37,26,https://facebook.com/posts/1l8xsl2
FullPolicy3507,We need to rethink the way we do Local News ( Shocking),2025-08-26 04:59:31,36,17,https://facebook.com/posts/1n0czma
SnooRobots3822,Local news First birthday,2025-06-18 14:32:56,675,14881,https://facebook.com/posts/1leinf3
nuttybudd,"Fox, ABC, CBS, and NBC local news stations all owned by Sinclair Broadcast Group reading off of the same script",2025-09-18 11:42:12,315,12863,https://facebook.com/posts/1nk5y8h
montiegg,Local news in LA caught this incredibly precise drop on the Kenneth fires,2025-01-10 00:43:56,1162,50015,https://facebook.com/posts/1hxs3b7
HarpySeagull,"Local news spots tourists snapping selfies at ""Alligator Alcatraz""",2025-07-04 01:17:08,453,8003,https://facebook.com/posts/1lr68cl
Ryanthehood,One of our local news station in Utah reporting on Charlie Kirk,2025-09-11 01:34:17,223,14881,https://facebook.com/posts/1ndw79m
Romano16,3 time Trump voter looks for sympathy in local news post about his wife being held by ICE,2025-09-08 20:24:58,338,5806,https://facebook.com/posts/1nbyt20
lolonator3,Local news stations reading off of the same script,2025-09-26 00:23:59,270,4519,https://facebook.com/posts/1nqn6ng
shreeharis,"[WPLG Local 10 News] Jimmy Butler is being sued for failing to pay rent, leaving the property damaged, and allegedly changing the locks while denying the property owner access for inspections",2025-02-28 17:31:08,664,5614,https://facebook.com/posts/1j0d9ev
Ice_Note,"Battle for Super Earth broadcasted by local TV news in Shanghai, China",2025-06-03 01:16:48,264,10480,https://facebook.com/posts/1l1zad3
askthekeyboard,Circulate this video to your local news stations - American volunteer in Ukraine expresses thoughts on Trump,2025-03-04 02:37:42,374,10103,https://facebook.com/posts/1j30k77
MrMojoFomo,"TIL that following an Asiana airline crash in 2012, a summer intern working at the NTSB ""confirmed"" the names of the flight crew to a local TV news station as Sum Ting Wong, Wi Tu Lo, Ho Lee Fuk, and Bang Ding Ow. The intern and 3 producers from the station were later fired",2024-01-24 18:45:50,1124,23107,https://facebook.com/posts/19entjc
Particular_Log_3594,"After losing her job due to Trump‚Äôs policies, a supporter from West Virginia says she feels ""a little bit betrayed"" in a local news interview",2025-03-08 22:07:03,570,4231,https://facebook.com/posts/1j6sb7g
