url,caption
https://www.instagram.com/google/reel/DRNHBGeCV0k/,
https://www.instagram.com/google/p/DRS_Kp9kivC/,
https://www.instagram.com/google/p/DRSffegErGg/,
https://www.instagram.com/google/reel/DRSJH6gEa8_/,
https://www.instagram.com/google/p/DRSGWzgDUbi/,
https://www.instagram.com/google/reel/DRQapQEjT60/,
https://www.instagram.com/google/reel/DRQQYWaku_7/,
https://www.instagram.com/google/reel/DRQFFLYksIB/,
https://www.instagram.com/google/reel/DRPoyRfjSVm/,
https://www.instagram.com/google/reel/DRNEQ1_CTSO/,
https://www.instagram.com/google/p/DRNC8o3jhk_/,
https://www.instagram.com/google/reel/DRKoYd8gao3/,
